https://www.clir.org/pubs/archives/cpanews/,https://www.clir.org/category/cpa-news/
https://www.clir.org/pubs/archives/cpanews/cpanl01/,https://www.clir.org/1988/06/cpanl01/
https://www.clir.org/pubs/archives/cpanews/cpanl02/,https://www.clir.org/1988/07/cpanl02/
https://www.clir.org/pubs/archives/cpanews/cpanl03/,https://www.clir.org/1988/08/cpanl03/
https://www.clir.org/pubs/archives/cpanews/cpanl04/,https://www.clir.org/1988/09/cpanl04/
https://www.clir.org/pubs/archives/cpanews/cpanl05/,https://www.clir.org/1988/10/cpanl05/
https://www.clir.org/pubs/archives/cpanews/cpanl06/,https://www.clir.org/1988/11/cpanl06/
https://www.clir.org/pubs/archives/cpanews/cpanl07/,https://www.clir.org/1988/12/cpanl07/
https://www.clir.org/pubs/archives/cpanews/cpanl08/,https://www.clir.org/1989/01/cpanl08/
https://www.clir.org/pubs/archives/cpanews/cpanl09/,https://www.clir.org/1989/02/cpanl09/
https://www.clir.org/pubs/archives/cpanews/cpanl10/,https://www.clir.org/1989/03/cpanl10/
https://www.clir.org/pubs/archives/cpanews/cpanl11/,https://www.clir.org/1989/04/cpanl11/
https://www.clir.org/pubs/archives/cpanews/cpanl12/,https://www.clir.org/1989/05/cpanl12/
https://www.clir.org/pubs/archives/cpanews/cpanl13/,https://www.clir.org/1989/06/cpanl13/
https://www.clir.org/pubs/archives/cpanews/cpanl14/,https://www.clir.org/1989/07/cpanl14/
https://www.clir.org/pubs/archives/cpanews/cpanl15/,https://www.clir.org/1989/08/cpanl15/
https://www.clir.org/pubs/archives/cpanews/cpanl16/,https://www.clir.org/1989/09/cpanl16/
https://www.clir.org/pubs/archives/cpanews/cpanl17/,https://www.clir.org/1989/10/cpanl17/
https://www.clir.org/pubs/archives/cpanews/cpanl18/,https://www.clir.org/1989/11/cpanl18/
https://www.clir.org/pubs/archives/cpanews/cpanl19/,https://www.clir.org/1990/01/cpanl19/
https://www.clir.org/pubs/archives/cpanews/cpanl20/,https://www.clir.org/1990/02/cpanl20/
https://www.clir.org/pubs/archives/cpanews/cpanl21/,https://www.clir.org/1990/03/cpanl21/
https://www.clir.org/pubs/archives/cpanews/cpanl22/,https://www.clir.org/1990/04/cpanl22/
https://www.clir.org/pubs/archives/cpanews/cpanl23/,https://www.clir.org/1990/05/cpanl23/
https://www.clir.org/pubs/archives/cpanews/cpanl24/,https://www.clir.org/1990/05/cpanl24/
https://www.clir.org/pubs/archives/cpanews/cpanl25/,https://www.clir.org/1990/07/cpanl25/
https://www.clir.org/pubs/archives/cpanews/cpanl26/,https://www.clir.org/1990/08/cpanl26/
https://www.clir.org/pubs/archives/cpanews/cpanl27/,https://www.clir.org/1990/09/cpanl27/
https://www.clir.org/pubs/archives/cpanews/cpanl28/,https://www.clir.org/1990/10/cpanl28/
https://www.clir.org/pubs/archives/cpanews/cpanl29/,https://www.clir.org/1990/11/cpanl29/
https://www.clir.org/pubs/archives/cpanews/cpanl30/,https://www.clir.org/1991/01/cpanl30/
https://www.clir.org/pubs/archives/cpanews/cpanl31/,https://www.clir.org/1991/02/cpanl31/
https://www.clir.org/pubs/archives/cpanews/cpanl32/,https://www.clir.org/1991/03/cpanl32/
https://www.clir.org/pubs/archives/cpanews/cpanl33/,https://www.clir.org/1991/04/cpanl33/
https://www.clir.org/pubs/archives/cpanews/cpanl34/,https://www.clir.org/1991/05/cpanl34/
https://www.clir.org/pubs/archives/cpanews/cpanl35/,https://www.clir.org/1991/06/cpanl35/
https://www.clir.org/pubs/archives/cpanews/cpanl36/,https://www.clir.org/1991/07/cpanl36/
https://www.clir.org/pubs/archives/cpanews/cpanl37/,https://www.clir.org/1991/08/cpanl37/
https://www.clir.org/pubs/archives/cpanews/cpanl38/,https://www.clir.org/1991/09/cpanl38/
https://www.clir.org/pubs/archives/cpanews/cpanl39/,https://www.clir.org/1991/10/cpanl39/
https://www.clir.org/pubs/archives/cpanews/cpanl40/,https://www.clir.org/1991/11/cpanl40/
https://www.clir.org/pubs/archives/cpanews/cpanl41/,https://www.clir.org/1992/01/cpanl41/
https://www.clir.org/pubs/archives/cpanews/cpanl42/,https://www.clir.org/1992/02/cpanl42/
https://www.clir.org/pubs/archives/cpanews/cpanl43/,https://www.clir.org/1992/03/cpanl43/
https://www.clir.org/pubs/archives/cpanews/cpanl44/,https://www.clir.org/1992/04/cpanl44/
https://www.clir.org/pubs/archives/cpanews/cpanl45/,https://www.clir.org/1992/05/cpanl45/
https://www.clir.org/pubs/archives/cpanews/cpanl46/,https://www.clir.org/1992/06/cpanl46/
https://www.clir.org/pubs/archives/cpanews/cpanl47/,https://www.clir.org/1992/07/cpanl47/
https://www.clir.org/pubs/archives/cpanews/cpanl48/,https://www.clir.org/1992/08/cpanl48/
https://www.clir.org/pubs/archives/cpanews/cpanl49/,https://www.clir.org/1992/09/cpanl49/
https://www.clir.org/pubs/archives/cpanews/cpanl50/,https://www.clir.org/1992/10/cpanl50/
https://www.clir.org/pubs/archives/cpanews/cpanl51/,https://www.clir.org/1992/11/cpanl51/
https://www.clir.org/pubs/archives/cpanews/cpanl52/,https://www.clir.org/1993/01/cpanl52/
https://www.clir.org/pubs/archives/cpanews/cpanl53/,https://www.clir.org/1993/02/cpanl53/
https://www.clir.org/pubs/archives/cpanews/cpanl54/,https://www.clir.org/1993/03/cpanl54/
https://www.clir.org/pubs/archives/cpanews/cpanl55/,https://www.clir.org/1993/04/cpanl55/
https://www.clir.org/pubs/archives/cpanews/cpanl56/,https://www.clir.org/1993/05/cpanl56/
https://www.clir.org/pubs/archives/cpanews/cpanl57/,https://www.clir.org/1993/06/cpanl57/
https://www.clir.org/pubs/archives/cpanews/cpanl58/,https://www.clir.org/1993/07/cpanl58/
https://www.clir.org/pubs/archives/cpanews/cpanl59/,https://www.clir.org/1993/08/cpanl59/
https://www.clir.org/pubs/archives/cpanews/cpanl60/,https://www.clir.org/1993/09/cpanl60/
https://www.clir.org/pubs/archives/cpanews/cpanl61/,https://www.clir.org/1993/10/cpanl61/
https://www.clir.org/pubs/archives/cpanews/cpanl62/,https://www.clir.org/1993/11/cpanl62/
https://www.clir.org/pubs/archives/cpanews/cpanl63/,https://www.clir.org/1994/01/cpanl63/
https://www.clir.org/pubs/archives/cpanews/cpanl64/,https://www.clir.org/1994/02/cpanl64/
https://www.clir.org/pubs/archives/cpanews/cpanl65/,https://www.clir.org/1994/03/cpanl65/
https://www.clir.org/pubs/archives/cpanews/cpanl66/,https://www.clir.org/1994/04/cpanl66/
https://www.clir.org/pubs/archives/cpanews/cpanl67/,https://www.clir.org/1994/05/cpanl67/
https://www.clir.org/pubs/archives/cpanews/cpanl68/,https://www.clir.org/1994/07/cpanl68/
https://www.clir.org/pubs/archives/cpanews/cpa-newsletter-69-jul-1994/,https://www.clir.org/1994/07/cpa-newsletter-69-jul-1994/
https://www.clir.org/pubs/archives/cpanews/cpanl70/,https://www.clir.org/1994/08/cpanl70/
https://www.clir.org/pubs/archives/cpanews/cpanl71/,https://www.clir.org/1994/09/cpanl71/
https://www.clir.org/pubs/archives/cpanews/cpanl72/,https://www.clir.org/1994/10/cpanl72/
https://www.clir.org/pubs/archives/cpanews/cpanl73/,https://www.clir.org/1994/12/cpanl73/
https://www.clir.org/pubs/archives/cpanews/cpanl74/,https://www.clir.org/1995/01/cpanl74/
https://www.clir.org/pubs/archives/cpanews/cpanl75/,https://www.clir.org/1995/02/cpanl75/
https://www.clir.org/pubs/archives/cpanews/cpanl76/,https://www.clir.org/1995/03/cpanl76/
https://www.clir.org/pubs/archives/cpanews/cpanl77/,https://www.clir.org/1995/04/cpanl77/
https://www.clir.org/pubs/archives/cpanews/cpanl79/,https://www.clir.org/1995/05/cpanl79/
https://www.clir.org/pubs/archives/cpanews/cpanl80/,https://www.clir.org/1995/06/cpanl80/
https://www.clir.org/pubs/archives/cpanews/cpanl81/,https://www.clir.org/1995/07/cpanl81/
https://www.clir.org/pubs/archives/cpanews/cpanl82/,https://www.clir.org/1995/09/cpanl82/
https://www.clir.org/pubs/archives/cpanews/cpa-newsletter-83-oct-1995/,https://www.clir.org/1995/10/cpa-newsletter-83-oct-1995/
https://www.clir.org/pubs/archives/cpanews/cpanl84/,https://www.clir.org/1995/11/cpanl84/
https://www.clir.org/pubs/archives/cpanews/cpanl85/,https://www.clir.org/1996/01/cpanl85/
https://www.clir.org/pubs/archives/cpanews/cpanl86/,https://www.clir.org/1996/02/cpanl86/
https://www.clir.org/pubs/archives/cpanews/cpanl87/,https://www.clir.org/1996/03/cpanl87/
https://www.clir.org/pubs/archives/cpanews/cpanl88/,https://www.clir.org/1996/04/cpanl88/
https://www.clir.org/pubs/archives/cpanews/cpanl89/,https://www.clir.org/1996/05/cpanl89/
https://www.clir.org/pubs/archives/cpanews/cpanl90/,https://www.clir.org/1996/06/cpanl90/
https://www.clir.org/pubs/archives/cpanews/cpanl91/,https://www.clir.org/1996/07/cpanl91/
https://www.clir.org/pubs/archives/cpanews/cpanl92/,https://www.clir.org/1996/09/cpanl92/
https://www.clir.org/pubs/archives/cpanews/cpanl93/,https://www.clir.org/1996/10/cpanl93/
https://www.clir.org/pubs/archives/cpanews/cpanl94/,https://www.clir.org/1996/11/cpanl94/
https://www.clir.org/pubs/archives/cpanews/cpanl95/,https://www.clir.org/1997/01/cpanl95/
https://www.clir.org/pubs/archives/cpanews/cpa-newsletter-96-feb-1997/,https://www.clir.org/1997/02/cpa-newsletter-96-feb-1997/
https://www.clir.org/pubs/archives/cpanews/cpanl97/,https://www.clir.org/1997/03/cpanl97/
https://www.clir.org/pubs/archives/cpanews/cpanl98/,https://www.clir.org/1997/04/cpanl98/
https://www.clir.org/pubs/archives/cpanews/cpanl99/,https://www.clir.org/1997/05/cpanl99/
https://www.clir.org/pubs/archives/cpanews/cpanl100/,https://www.clir.org/1997/06/cpanl100/
https://www.clir.org/pubs/archives/cpanews/cpanl101/,https://www.clir.org/1997/07/cpanl101/
https://www.clir.org/pubs/archives/cpanews/cpanl102/,https://www.clir.org/1997/09/cpanl102/
https://www.clir.org/pubs/archives/cpanews/cpanl103/,https://www.clir.org/1997/10/cpanl103/
https://www.clir.org/pubs/archives/cpanews/cpanl104/,https://www.clir.org/1997/11/cpanl104/











